{
    "vathana": "$2b$12$wNWOWM5F/Skq.wek5kDEaerBk3owUdmF1mxG/sAhIRWsJPXMdPEzy",
    "davon": "$2b$12$5YfcEyfm8EdSv1EKtzgWV.VuZJGCeEg0TwVx5jVShmyAMIJASAHsG",
    "von": "$2b$12$VgBMjTzlTLxIM1tEIZyciOnFpFjgI4pX5dGTPuWh22BhMfQxuMZCy",
    "Davon": "$2b$12$pHA59pMarY9PK6QuAHeVculIMyKHvFqasJqq.Wl.hmp8wbrR9y4Uy",
    "vin": "$2b$12$j2rTjh3fzkqtJV6P8Q6pkePyGRkfWv3wPJ2HuS/SdSVUHUi6KgfMe",
    "kit": "$2b$12$AtP8CeMgOsvEhIrl5/.wXexp3LA149QBOZF5sI3ZXxGAuGVIX4qXO",
    "kit1": "$2b$12$G9VjiCtLQnGYPjOa9D7eH.XTcYRhMI2fZLpKjN8KfClT/wCQIare6",
    "ky": "$2b$12$2C1olp8YF1wR7bIRMcI7PO.2I6hZERWMJ/qOam5L.L3IojOEUpNv2",
    "kob": "$2b$12$UxXJR8qVjy0yL6X9AYRe..8t.VH7Oft5/dY0OUPfv3okMtHp86CsW",
    "kitha": "$2b$12$VbDxBODD0OaQKRwLIxQKQev3xhUh0fPbXyWn0FJhGK9Uqi7kJr0Qa",
    "kita": "$2b$12$QPrdoi6blhI5ZA9gseQuU.D1ymjvuoSYuDH8uVQ5ts/lRnTRyJe4m",
    "v": "$2b$12$tiKYDvB3LRy45.1f3jKhNuyw/eTWQGaA4nbh/ZO5e3nKgB.4enozy",
    "danychur": "$2b$12$mi8ABT5s.aKVAFmybOcQF.uQwSLdnLIMb.MF/aQZIEr6cQ0bSKtCm",
    "danail": "$2b$12$p0hld85690IIUec9mxcRcuK5MUbDjzxRKG4fHP8.SNRvK8mwaHaUi",
    "donywang": "$2b$12$ZI8ntW7byNV2oLYQnaRxtui1zQJKn3ncp5KHKhecP711xGVdvc5zi"
}